id	label
4555	0
4430	0
5614	0
2696	0
1104	0
3948	0
3823	0
3266	0
3040	1
5242	0
3151	0
1891	0
4757	1
6373	1
4440	0
237	0
277	1
3533	0
2653	1
1423	0
925	0
1746	0
4611	0
30	0
5413	0
2053	0
2039	0
202	0
5069	0
3496	1
2747	0
227	0
662	0
2367	0
6504	0
2734	0
3627	0
686	1
2876	1
2756	1
2123	0
3957	0
3716	0
1831	1
6080	0
512	1
2159	0
3011	0
6100	0
2274	0
64	0
6657	0
6273	1
6565	0
3537	0
4209	0
6235	0
2277	0
4848	0
6444	0
1414	1
1171	0
581	0
732	0
2615	0
502	0
4927	0
3002	0
5234	0
5410	0
4098	0
792	0
4049	0
5451	0
2972	0
6748	1
6622	0
5896	1
6422	1
4075	1
65	0
6288	1
538	0
3795	0
2883	0
5111	0
4384	1
3846	0
452	0
1053	1
3861	0
2919	1
473	0
1188	0
5893	0
6256	1
5363	0
6344	1
1346	1
3095	0
4834	1
5751	0
5479	0
6049	0
3386	0
4771	0
345	0
1130	0
3718	0
2364	0
2373	0
3304	0
5939	0
319	0
725	0
4646	0
2337	1
4925	0
3535	1
5610	1
1751	0
4083	0
1384	0
4034	0
1687	0
1572	0
495	0
6315	0
1219	0
4155	1
6069	1
4469	0
5918	0
6383	0
5769	0
1059	1
3099	0
3032	0
4655	0
3128	0
5944	0
3876	1
2321	0
3485	0
3615	0
3397	0
2793	0
226	0
3210	1
4881	1
4787	0
1589	0
3554	1
1166	1
4380	1
1905	0
2308	1
2945	1
4577	1
1799	1
4002	1
722	0
3175	1
6791	0
6231	1
3885	0
2825	0
4720	1
2669	0
1348	0
4015	0
2845	0
1702	0
5224	1
6638	0
2990	0
5612	1
5486	0
6133	0
5317	0
4227	0
3909	0
692	0
5813	0
4800	1
4195	1
5735	1
3559	0
192	0
738	0
335	0
3452	0
2155	1
688	0
2855	0
5648	1
4830	0
6274	0
3613	0
3932	0
811	0
1075	1
6302	0
799	0
3732	0
4583	1
5540	1
1442	0
1645	0
370	1
4467	1
3074	0
3687	1
700	1
1800	0
4897	0
1345	0
5502	1
2657	0
1537	0
6529	0
5230	0
4512	1
1923	0
6745	0
6438	0
3585	0
4207	0
4956	1
3713	0
3943	1
749	0
3556	0
2466	0
1508	0
1225	0
199	1
1332	0
2206	0
4454	0
2350	0
4676	0
3768	1
3532	1
2594	0
5597	0
399	1
3992	0
6721	0
6573	0
6627	0
4223	1
6245	0
3258	0
4715	0
652	0
5839	0
3344	0
2139	0
6124	0
757	0
4396	0
5823	0
5123	0
6650	0
5715	0
1093	0
3353	0
3937	0
6168	0
4252	0
3324	0
1777	0
849	1
3697	0
5875	0
2849	1
4231	1
2146	0
2720	0
5431	1
802	1
3895	0
3574	0
2741	0
183	1
2486	0
5114	0
5773	0
2772	1
2031	0
817	1
809	0
1639	0
4799	1
6268	1
5493	1
4880	0
4700	0
2994	0
63	0
1017	0
4740	0
1113	0
6478	0
3313	0
2189	1
2098	0
3834	0
573	0
1793	0
2435	0
9	0
1377	0
3727	0
3061	1
5631	1
1978	0
3970	0
2214	0
2048	0
5002	0
2682	0
1776	0
6642	0
6162	0
241	0
3868	0
2988	0
3513	0
2525	0
6636	0
1393	1
2543	0
4349	0
2443	1
3055	0
4448	0
2161	0
3888	0
5427	0
1876	0
2893	0
2608	0
5677	0
4892	0
3102	1
1926	0
5817	0
784	0
4592	1
3857	0
4914	0
1904	1
1669	0
5358	1
6213	0
1759	0
3764	0
5027	0
5911	0
3543	1
6777	1
2906	0
5262	0
6291	0
2835	1
2950	0
5856	0
5414	0
1164	0
986	0
2221	0
3804	1
4969	0
4871	0
2510	1
5749	0
4067	0
418	0
212	1
1098	1
2535	0
2133	0
4242	1
4818	1
4339	1
4146	0
186	0
4204	1
4389	0
6132	0
5687	1
2134	1
1362	1
3222	1
381	0
2903	0
6075	0
527	0
5556	0
5932	0
4379	0
2022	0
1494	0
1176	1
3327	0
60	0
1008	0
2284	0
4474	0
1844	0
6147	0
4620	0
4728	1
4427	1
2736	1
4142	1
1945	1
5161	1
4449	1
6220	1
3608	0
6179	0
4138	1
1835	0
3843	1
2282	0
5675	0
2164	1
5516	0
5264	0
1089	0
4088	0
2063	0
4961	0
4824	0
3464	0
2463	0
671	1
2863	0
4340	0
3924	0
236	1
3510	0
4175	0
6322	0
4774	1
1169	0
1216	0
4042	0
3241	1
1032	0
1082	0
178	0
435	0
2089	1
1998	1
6282	1
5786	0
4048	0
3838	0
6612	0
2616	0
6600	1
6778	0
3756	1
5947	0
6392	0
601	0
5079	0
322	0
598	0
5736	1
6390	0
2121	0
5073	0
2339	0
1220	0
1186	0
3791	0
3456	0
1568	0
5914	0
6702	1
4272	0
4924	0
6192	0
4732	0
790	0
5776	0
3316	0
5967	0
5453	0
3730	0
4948	0
3190	0
317	0
6404	0
2758	1
4006	0
354	0
1725	1
6227	0
6758	1
6421	1
5887	0
2430	0
1989	1
6066	0
5046	1
4764	0
4356	0
1310	0
3666	0
3044	1
5220	0
3419	0
3507	0
4164	0
5582	0
1479	0
3470	0
6326	0
6236	0
4319	0
5754	1
1716	0
6630	0
2680	0
5232	0
155	0
664	0
3399	0
2529	1
1210	0
193	0
5779	0
3848	0
4092	0
6187	1
338	0
3007	0
3593	0
4926	0
4669	0
6503	0
1946	0
4255	0
1375	0
4127	1
1392	0
213	0
6048	0
4279	0
5271	0
1744	1
2599	1
3566	0
5225	0
96	0
334	0
2509	1
446	1
1970	0
6773	1
6591	1
3107	1
2778	0
1071	0
5892	0
1230	1
1592	0
1421	1
4491	1
4005	1
3488	0
4569	0
6233	1
1173	0
3573	0
4211	0
858	1
4292	0
4053	0
6619	0
2323	0
385	0
3442	1
389	0
6403	0
828	0
520	0
1357	0
1851	0
3409	1
3881	0
6491	1
6247	0
4781	0
2496	0
6377	0
2476	1
2407	0
3147	0
5695	0
3583	0
1521	0
5176	0
2568	0
251	0
3343	0
1665	0
4269	0
5841	0
2881	0
765	0
4883	0
5031	0
508	0
2004	0
5662	0
2917	0
1470	0
2402	0
3148	1
3935	0
4136	1
5822	0
4528	0
4609	0
3753	0
4327	1
4714	0
5792	0
2462	0
5164	0
5245	0
2943	0
5509	0
4952	0
4260	0
4825	0
1267	0
100	1
2801	1
3674	0
1971	0
3770	0
3227	0
5062	0
3693	0
374	1
1097	0
6218	0
1815	0
5660	1
2014	0
3433	0
3459	1
4071	0
159	1
4247	0
5179	0
2660	0
4807	0
5531	0
673	0
1411	1
274	0
5219	0
1730	0
5110	0
5829	0
2952	0
342	0
876	0
5981	0
2387	0
6439	0
4796	0
5417	1
2803	0
5972	0
5882	0
4595	0
266	0
4220	0
1343	1
691	1
883	0
2267	0
577	1
6437	0
2813	0
5853	0
5788	0
3462	0
478	0
475	0
2739	0
1674	0
1406	0
5500	0
6715	1
2028	0
6476	0
413	0
1338	0
6234	0
5505	0
776	0
4423	0
4886	0
908	0
1124	0
437	1
2070	0
3636	1
6142	0
3883	0
1961	1
5154	1
3886	0
2405	1
3902	0
4189	0
5314	1
3035	0
1046	1
6020	0
2317	0
1956	0
3330	1
4918	1
4767	1
2609	0
1542	0
217	0
685	0
3819	1
6022	0
3927	0
702	0
1929	0
2236	0
2792	0
6351	1
5078	0
205	0
4455	0
513	0
3892	0
3949	0
1339	0
730	0
1588	0
5927	0
5953	0
3071	0
5226	0
5127	0
2946	0
6138	0
1587	1
4735	0
3356	1
1507	1
5325	0
4535	1
1854	0
1610	0
3216	1
5380	1
2097	0
6433	0
636	0
5129	1
426	1
584	1
1942	0
834	1
1640	0
4266	1
2725	0
2147	0
1824	0
1699	0
5334	0
1495	0
4667	0
4458	0
6023	0
5307	0
1940	0
6087	1
4179	0
4814	0
5084	0
5495	0
5569	0
4904	1
3624	1
3177	1
4101	0
2001	1
410	1
3581	1
3607	1
1960	0
4104	1
4748	1
2663	1
4473	0
4949	1
6371	1
5466	0
2727	0
1003	1
4585	0
2464	0
5821	1
4968	1
1571	0
1653	0
5017	1
5542	0
1974	1
326	0
6033	0
3542	0
6586	0
5447	0
1695	0
4552	0
195	0
5946	0
5398	0
5808	0
2631	0
1880	0
2382	0
3864	0
3138	1
1827	0
2153	0
1009	1
3991	0
3318	0
1540	0
5878	1
2921	0
6208	0
6321	0
1612	0
1168	0
5196	0
620	0
3514	0
3921	0
2365	0
129	0
4633	0
5917	0
314	0
6419	0
2163	1
3715	0
3118	0
868	0
583	0
5065	0
5409	0
6595	0
5733	0
5449	0
4329	0
2354	1
5289	0
3307	1
1365	0
1993	0
5373	1
3264	0
4621	1
2261	1
6060	1
1833	0
2891	0
4297	0
3658	0
137	0
4377	0
1432	0
5139	0
2068	0
5010	1
3411	1
3647	1
6029	0
267	0
535	0
14	1
3901	0
2817	1
6103	0
2589	0
2301	0
1134	1
3852	0
5329	1
5108	0
61	1
1706	0
47	1
3108	0
4426	1
239	0
6615	0
5396	0
6158	0
6129	0
5869	1
1846	0
1112	0
1976	0
2472	0
397	0
4986	0
3776	0
591	0
1174	0
3629	0
1889	0
2670	0
4278	0
4012	0
2412	0
5620	0
4359	0
2336	0
5522	0
5148	1
4992	1
5434	1
272	1
2878	0
1461	0
2439	1
3383	0
5609	1
5680	0
2658	1
5672	0
4171	0
5209	0
5961	0
4079	0
3232	0
6480	1
6003	0
5497	0
5433	0
6466	0
6551	0
4722	0
3183	0
3576	1
5836	0
5507	1
5426	1
4354	0
5229	0
5652	0
6093	1
12	1
555	0
3454	0
44	0
2212	0
1047	0
676	0
3131	0
280	0
133	0
429	1
6418	0
2567	0
3119	0
90	0
4668	0
6037	0
6089	0
3440	0
2904	0
5331	0
2967	0
281	0
5558	0
4118	0
526	0
816	0
119	0
4081	0
695	1
753	0
2217	1
4268	1
1594	0
3321	1
4250	0
1689	0
5199	0
6661	0
5713	1
3197	0
1647	1
6395	1
5471	0
3751	0
2188	0
4027	0
4261	0
3162	0
5815	0
6248	1
5627	0
1561	0
518	0
1547	1
3018	0
144	0
4043	0
3270	0
5806	0
3729	0
1493	0
4805	1
5099	0
6559	0
6510	0
3229	1
4531	1
1408	0
3158	0
748	0
5619	0
6170	0
4090	0
1707	0
6361	1
3954	0
4884	0
4929	0
1545	0
4050	0
1617	0
657	1
1816	0
1246	1
1664	0
2126	0
5370	1
2922	1
5978	1
4550	1
4169	0
6552	0
332	1
3914	1
2958	1
53	1
2789	1
2038	0
4654	0
3184	0
1380	0
2101	1
694	1
2380	1
2315	0
3942	0
5405	0
1335	0
2814	0
6309	1
6097	0
6275	1
3761	0
3486	0
4035	0
5611	0
1629	0
3926	0
341	0
3374	1
5168	0
3337	0
5101	0
1575	0
4210	0
1136	0
4051	0
3567	0
242	0
2639	0
3250	1
3066	0
4634	1
5040	1
3787	1
4402	1
2210	0
6700	0
5169	1
747	0
1510	0
295	1
510	1
444	1
158	0
3777	1
4775	0
2684	0
6760	0
4603	1
2106	0
3968	0
20	0
4244	0
4487	0
3436	0
6014	0
3051	0
2645	1
1222	0
6639	1
6750	0
6120	1
6681	0
6044	0
2144	0
5072	1
1646	0
994	1
3225	0
147	1
5989	1
4347	1
2391	0
156	0
2397	0
4683	1
3520	1
6574	0
4604	1
4153	1
1516	0
3461	0
5904	0
4815	0
442	0
3504	0
4765	0
1229	1
4680	0
5655	0
5933	0
3803	1
5337	0
5874	0
1236	1
4863	0
1883	1
2040	1
391	0
1369	0
6111	1
2347	1
2713	1
2475	0
5492	1
3578	1
74	0
4218	1
4062	0
2024	0
4318	0
105	0
3541	0
5543	0
6747	0
5254	0
4130	0
6016	0
5256	0
6566	0
2017	0
621	0
675	0
929	0
1016	0
940	1
3871	1
1403	1
1810	0
5726	1
3213	0
3038	1
1578	1
870	0
909	0
1318	0
5290	1
2748	0
6635	0
6616	1
6475	0
6041	0
6724	0
5980	1
1921	0
51	0
2328	0
4134	0
1107	0
2753	0
1215	0
2411	0
3869	0
6279	0
472	0
2661	0
2207	0
4091	0
1511	0
4262	0
5979	0
5568	0
3905	0
2388	0
1361	0
3755	0
82	1
2853	1
2524	0
4845	1
3995	0
3203	1
4381	1
257	1
1237	0
3826	0
3054	0
1553	1
5800	0
5883	1
3109	1
6550	0
5119	0
3877	0
6310	0
4629	0
726	1
6318	0
5860	0
5068	0
582	0
2707	0
1299	0
1150	1
5293	0
4	0
3363	0
782	0
2966	1
5034	0
1191	0
1354	0
5203	1
2119	0
505	0
750	1
1650	1
1802	1
4236	0
5455	0
2712	1
1984	1
5085	0
1031	1
4901	0
4694	0
235	0
457	0
3694	0
4369	0
6523	0
6708	0
4993	1
6271	0
5195	1
3721	0
5173	0
3568	0
1874	0
3872	0
4518	0
5007	0
827	0
481	0
1440	0
5304	0
5912	0
465	0
1622	1
5044	1
2266	0
2032	0
4482	0
2011	0
6492	0
2197	1
5699	1
5144	0
2497	0
3426	0
633	0
4310	0
6498	0
6464	0
4644	0
1849	0
5744	0
2978	1
3719	0
4544	0
131	0
3898	0
5318	1
6396	1
6399	1
3306	0
1251	1
4724	0
5344	0
3813	1
467	0
1352	1
791	1
2079	0
3347	0
4875	0
1002	1
4894	0
5150	0
2414	0
1733	0
376	0
4159	0
5640	0
3115	0
48	1
4215	1
4016	1
1952	1
5903	0
3352	1
4133	0
5156	0
2577	0
1476	0
4472	0
1399	0
4225	0
4287	1
4025	0
2887	0
4308	0
3382	0
4397	1
644	1
284	0
6494	0
2239	0
2442	1
1662	1
696	0
1607	1
522	0
2033	0
4671	0
6295	0
4684	0
5729	0
3428	0
3597	0
4026	0
1349	0
1922	0
4762	0
4616	0
3930	0
3766	0
5342	0
2264	0
567	0
6239	0
2090	0
3839	0
1519	1
2220	0
4398	0
2003	0
6522	1
3087	0
4534	0
1228	0
3946	0
1488	0
406	1
5049	1
5794	0
5412	0
5968	0
509	1
5544	0
4471	0
4462	0
1602	0
4483	0
6434	0
4553	0
3897	0
2449	1
6671	0
2378	0
2910	0
59	0
3986	1
6026	0
5001	0
521	0
4498	0
1700	0
4192	0
3733	1
4590	1
874	0
3292	0
3008	1
4477	0
5993	1
6729	1
4337	1
715	0
1289	0
1264	1
36	0
182	0
1520	0
2821	0
2894	1
6710	0
5332	0
1931	0
3467	0
3494	0
2824	0
608	0
2423	0
6517	0
4068	0
5393	0
3348	0
697	1
2168	1
2619	1
3062	0
32	0
1626	0
3769	0
5727	1
6156	0
6549	1
6463	1
2996	0
4445	0
4325	0
4023	0
818	0
2574	0
5207	0
1409	0
6688	1
392	0
3086	0
1590	0
4183	0
5448	0
404	0
5591	0
5583	0
3413	0
5124	0
1737	0
2066	0
5575	0
3155	0
388	0
6141	0
4443	0
1430	1
4135	0
3256	0
3145	0
258	1
1296	1
1573	0
1901	0
6039	0
4219	1
4304	1
4173	0
3702	1
5748	0
5442	1
6713	1
5321	0
1326	1
1791	0
2710	0
5964	0
6743	0
6497	0
771	0
4567	0
3254	0
148	0
1864	0
6524	0
6414	0
5116	0
6307	0
3785	0
1355	0
4372	0
990	0
6583	0
1798	0
3185	1
6668	1
4001	0
5076	1
1950	1
6336	1
5603	0
1455	0
3053	0
312	1
2582	1
2456	0
5998	0
3728	1
5345	1
2083	0
6554	0
2672	0
367	1
2569	1
1954	0
401	0
6458	0
4208	0
6201	0
2269	0
2069	0
2056	0
2900	0
5698	0
4331	0
2330	0
2583	0
5476	1
826	1
1115	1
1084	1
1015	0
1460	1
4505	1
5625	0
4214	1
4254	0
3915	0
4849	1
1149	0
825	0
1045	0
901	0
273	0
3517	0
907	0
3274	0
4158	0
4954	0
2503	0
5514	0
5530	0
333	0
6331	0
1445	0
1127	0
2493	0
2760	0
6280	0
2822	0
4293	0
4185	0
431	0
1486	0
3357	0
2201	1
4982	0
5888	1
3253	0
5121	1
1710	0
3226	1
3083	1
6384	0
5803	0
5942	0
5083	0
4031	0
2268	0
1909	0
2349	0
869	0
2451	1
6755	0
4470	0
1073	1
1605	1
4584	1
2016	1
3294	0
996	1
1541	1
3643	1
2259	1
2273	1
1539	1
1422	0
66	1
1625	0
6706	1
3523	0
75	0
1958	0
4131	0
6454	0
2383	0
5520	1
3429	0
4322	0
6134	0
4793	0
6455	1
3907	0
2759	1
2457	0
3866	0
3611	0
4533	0
3366	0
2395	1
5599	0
5849	0
737	0
1167	0
4516	1
6449	0
2255	0
4186	0
1755	0
2811	1
5587	1
6136	0
4435	0
1291	1
5529	0
1679	1
968	0
2363	1
2169	1
3331	1
4688	1
1843	0
631	0
190	0
5876	1
5809	0
3748	0
2614	1
6393	0
5103	0
904	0
2698	0
5606	0
3243	0
1125	0
2478	0
1315	0
86	0
2100	0
2610	0
2702	0
4647	0
6166	0
1181	0
4412	0
1637	0
6469	0
5295	1
6653	1
1353	0
497	1
4839	1
2549	0
2162	0
1329	0
3699	1
331	0
3873	0
3562	1
5394	1
6545	0
5805	0
6211	0
3789	0
1456	0
926	0
6593	0
8	0
1649	0
1027	0
6539	0
5661	1
6722	1
5527	0
1139	0
3124	0
2419	0
1006	0
417	0
2941	0
2527	0
1180	0
203	0
609	1
1021	0
3638	1
4117	1
1823	1
1162	0
207	0
2902	0
351	1
1818	1
1041	0
3031	1
835	1
1975	1
1930	0
3945	0
4312	0
6183	1
2319	0
5026	0
3030	0
1323	0
6648	0
6678	0
6500	0
2926	0
5846	0
3512	1
1977	0
4645	1
5050	0
3774	1
117	0
4718	0
1502	0
154	0
303	1
3065	0
2219	1
3075	0
5074	0
6467	0
4521	1
942	0
293	1
1675	1
3973	0
5664	1
4643	0
2842	0
1604	1
5952	1
1328	0
4618	0
4659	0
2515	0
6177	1
3271	0
2605	0
2585	0
6258	0
1085	0
4504	0
5616	0
5499	0
2408	1
3041	1
2931	0
1838	0
840	1
3742	1
3301	0
6568	0
4539	1
4230	1
3685	1
3495	0
4228	0
433	0
2546	0
6385	1
5831	0
2539	0
4913	1
2479	0
3891	0
5192	0
3961	0
5211	0
1308	0
5415	0
6038	0
1862	0
5791	0
2666	0
5365	0
3599	1
2796	1
4708	0
587	0
4187	1
2125	0
450	0
719	0
3378	0
1758	1
1743	0
1396	0
1419	0
993	1
3678	1
5585	0
625	1
3315	1
3646	0
378	0
6461	0
2508	0
2194	0
6785	0
5731	0
6358	0
4038	0
4393	0
5592	0
2459	0
1920	0
3001	0
6333	0
6624	0
2262	0
1129	0
5634	0
2379	0
1235	0
4014	0
2117	0
2023	0
4058	0
4526	0
5089	0
1465	0
6175	0
563	0
5378	1
1074	1
4453	0
6569	1
2322	0
6193	1
6159	0
1040	0
991	1
565	0
3894	0
3650	0
2856	1
1721	0
5041	1
2884	0
515	0
5273	0
5091	0
6230	0
4432	0
3329	0
346	1
18	0
6123	0
6518	0
1861	0
5760	1
5765	0
777	0
1298	0
308	0
2228	1
1965	0
1792	1
5095	0
2985	0
4662	0
1100	1
5399	1
5274	0
5746	1
1839	0
3238	0
1200	0
498	1
494	0
1518	0
610	0
1126	0
5679	0
935	0
4176	0
4859	0
3799	0
2400	0
1560	0
918	0
2200	0
6410	0
4468	0
1401	0
2819	1
3749	0
4132	0
4690	1
6530	1
1882	1
210	1
1255	1
171	1
6298	1
4224	1
1065	1
766	1
1774	0
1525	0
5613	1
2802	0
4484	1
1033	1
4530	0
2558	1
3437	1
3616	1
1681	0
2752	1
3639	0
4229	0
2836	0
3116	0
1413	0
5539	1
223	1
382	0
813	0
1609	0
561	0
6456	1
4536	0
1745	0
3679	0
2064	1
6578	1
3500	1
3043	1
592	1
2517	0
1616	1
2537	1
6259	0
3558	1
821	1
788	1
3604	1
3120	0
4085	0
604	0
5268	0
432	1
1934	0
2471	1
3468	0
5738	0
240	0
1728	0
3005	0
3767	0
179	0
4352	0
6589	1
3564	0
6686	1
5460	0
4637	1
5454	1
1651	0
3246	1
574	1
680	1
971	1
541	1
58	0
372	0
225	1
4156	1
5991	1
6555	1
4809	1
1281	0
2506	1
5077	0
6388	0
5459	0
2080	0
1373	0
1394	0
6025	0
893	0
4481	0
2628	0
2073	0
73	0
2060	0
3920	0
3801	0
455	0
4004	1
4326	0
4994	0
1884	0
2286	0
5294	0
1449	0
54	0
482	0
5550	0
22	1
270	0
1562	0
5038	0
5102	1
1062	0
3491	0
5222	0
4951	0
5235	0
3047	0
5081	0
773	1
4024	0
2057	1
4560	0
1772	0
970	0
1723	0
6560	1
1277	1
1091	0
1137	0
2913	0
4686	0
3006	0
2520	0
3790	0
6078	0
2065	0
902	0
480	1
1819	0
6299	0
4705	1
768	1
3546	1
5107	0
3906	0
3423	0
2499	0
1322	1
1498	0
5339	0
4947	0
5618	1
6707	0
1643	0
3425	0
5778	0
5990	0
3780	0
979	0
2061	0
3987	1
2425	0
4995	0
4348	1
1245	0
337	0
121	0
6386	0
2649	0
6339	0
4041	1
2448	1
6090	0
2489	1
764	0
572	0
1266	0
1183	0
463	0
4011	0
2722	0
2937	0
2613	1
3472	0
651	1
5419	0
3809	0
4424	0
5852	0
2205	0
6278	0
6483	0
1286	0
2596	1
3951	0
3552	0
125	0
1982	0
3458	0
5548	0
3198	1
172	1
4282	0
306	1
4444	1
3285	0
2637	0
4280	0
2957	1
2192	0
5651	1
5879	0
6161	0
5563	0
4323	0
5925	0
5287	0
568	1
2094	0
783	0
2644	1
1809	0
1648	0
1581	0
483	1
4843	0
5059	0
4749	0
5265	0
3022	0
6272	0
4259	0
2303	1
2394	1
5003	0
4409	1
4332	0
3230	1
4174	0
4170	1
5608	1
1374	0
5233	0
1351	1
2915	1
411	1
5136	0
3465	0
85	0
2346	1
2625	0
4126	0
4149	0
1319	0
3890	0
4687	0
6531	0
2987	0
130	0
739	0
1900	1
6149	1
6314	0
4878	0
4020	1
5645	0
2377	1
3634	0
3668	0
5546	0
2138	1
2951	0
4182	0
727	1
2398	0
114	1
368	0
4746	1
2584	0
327	0
2342	0
2392	0
886	0
99	0
4492	0
5549	0
4258	0
668	0
4548	0
3097	0
5801	0
6125	0
595	0
4978	0
5772	0
6596	0
2563	0
3656	0
5517	1
4333	0
1988	0
3672	0
3584	0
6429	0
4144	0
1249	0
1775	0
57	0
981	0
5407	1
797	0
3778	0
1676	0
6417	1
1383	0
4018	0
1567	1
4055	0
856	1
2874	1
3855	0
4710	0
5004	1
2575	0
2043	0
2498	1
4964	1
6499	0
5742	0
1991	0
4782	0
5554	0
2975	0
6327	0
616	0
1634	0
912	0
4490	0
3414	1
3028	1
3731	0
6263	0
1881	0
5632	1
4072	0
6537	0
3004	1
5598	0
4780	0
5740	1
6252	0
2997	0
5147	0
1949	1
2460	0
5965	0
3323	1
6496	0
3793	0
4290	0
1812	0
3377	0
5291	0
5066	0
4935	0
2110	0
5866	0
3757	0
5525	0
2976	1
1324	0
138	1
4375	1
4623	1
1748	0
102	0
4313	1
474	1
4962	0
2370	0
3725	0
2834	1
6150	0
5302	0
637	1
2313	1
824	1
3829	0
3082	1
2530	0
1959	0
5355	0
744	0
5580	0
1170	0
1013	0
3430	0
3056	0
6731	0
4009	0
2694	0
511	0
4836	0
466	0
3623	0
1614	0
4842	0
2310	1
2617	1
3847	0
2844	0
930	0
1094	1
4861	0
2006	0
6145	1
3164	1
761	0
2882	1
6654	1
6146	0
3798	0
6481	1
6153	0
3587	0
6705	0
386	0
470	0
3706	0
5132	1
4838	0
3283	0
2251	0
1209	0
5969	0
1871	0
443	0
6143	0
2768	0
218	0
1754	1
2749	0
1638	1
486	0
1187	1
602	0
106	1
4979	0
1586	1
2272	1
6005	0
4731	0
2416	0
3620	1
3400	0
1131	0
5258	0
4773	0
3675	0
3999	0
6378	0
3110	0
3392	0
1342	0
1608	0
6335	0
6030	0
4822	0
5333	0
4045	1
300	0
400	0
6468	0
1078	0
6008	0
1092	0
2675	0
70	0
810	1
1801	1
740	1
5042	0
4665	0
922	1
531	0
3212	1
781	0
2104	0
2306	0
3701	0
283	0
4120	0
1826	0
3824	0
5793	0
5253	0
6618	1
2650	0
4515	0
1566	1
3652	0
1678	0
5435	0
3540	0
4364	1
2909	0
3704	0
3962	0
118	1
355	1
4217	1
245	0
960	1
3309	0
1860	0
2716	0
4410	1
2403	1
5474	1
2995	1
774	1
3125	0
4855	0
5781	0
5532	1
2737	0
964	1
6757	1
5784	0
854	1
4798	0
3401	0
6694	0
6269	0
3642	0
872	0
5113	0
1253	0
571	0
5565	0
3126	0
1309	0
384	1
914	0
1783	0
2686	0
5653	0
4831	0
4113	0
4833	0
6057	0
5275	1
5251	0
6376	0
6081	1
2311	1
6337	0
709	1
558	0
2732	0
6191	0
5579	0
5352	0
6301	0
992	0
3150	0
3303	0
2371	0
6693	0
5481	0
5036	0
3104	0
1686	0
4374	0
4810	0
1908	0
5309	1
6542	0
2183	0
2096	0
2799	0
4495	0
4522	0
648	1
1834	0
3048	0
3130	0
910	0
533	0
4717	0
4701	0
1789	0
5770	1
2714	1
4161	0
2908	1
611	0
1663	1
2318	1
6178	0
2800	0
1635	0
1489	0
3406	1
4307	0
4828	0
26	0
2007	0
5346	0
767	1
2180	1
313	1
2681	0
932	0
4461	0
5595	0
4394	0
415	1
6784	0
4122	0
6684	0
3695	0
5851	0
4095	0
1000	0
3300	1
5922	1
3744	0
2934	0
4059	0
5215	1
2807	0
145	1
770	0
3072	0
6704	0
5112	1
4514	1
5131	0
3493	0
941	0
2093	1
4270	0
1530	0
5037	0
6445	0
4510	1
2512	0
547	0
2229	0
2984	1
4607	0
603	1
2223	0
1866	0
2705	0
5067	0
2193	0
4726	0
3614	1
3257	1
305	1
6300	1
2256	0
6501	0
4602	0
956	0
4657	0
3286	0
3460	1
1314	0
5693	0
2176	0
1981	0
1580	0
3129	0
3391	0
4594	0
6350	0
1001	0
6535	0
865	0
6541	0
4987	1
5402	1
4980	0
2136	0
3161	0
6603	0
3367	1
3739	0
1633	0
3900	0
1268	0
3814	0
5863	0
4193	0
3193	0
5901	0
1292	0
2481	0
1523	0
3828	0
6592	0
1642	0
1203	0
6098	0
5303	0
5626	0
1767	1
1069	0
1599	1
1367	0
796	1
3939	0
3841	0
3077	1
5369	1
362	0
296	0
5581	1
1554	0
4439	0
3379	1
3917	0
2630	0
2572	1
763	0
724	0
1023	0
3827	0
6521	0
2279	0
3531	0
6611	0
5519	0
122	0
6202	0
6203	0
4508	0
1955	0
6164	0
2633	0
4341	0
6251	0
2154	0
4984	0
4943	0
126	1
717	0
3278	1
963	0
5686	1
4922	1
3691	0
6181	0
2465	1
1182	0
2889	1
6266	1
5824	0
6092	0
6782	0
5771	0
3947	1
2865	0
4747	0
2246	0
2490	0
1199	0
5697	0
1769	0
5902	1
4199	0
2528	0
1481	0
4363	0
6353	0
3375	0
2265	1
2638	1
3463	0
2664	1
4321	0
5279	1
1666	1
4761	1
5719	0
624	0
1433	1
3882	0
787	0
3655	0
3394	1
2495	0
1248	0
1462	1
2340	0
5934	0
5854	0
2115	0
1435	0
2961	0
6667	0
1190	0
2606	0
3106	0
4783	0
285	0
3153	0
434	1
1565	0
4139	1
1550	1
3617	1
4386	1
5524	1
3073	0
4456	0
1364	1
1205	1
4936	1
5538	0
2248	0
6172	0
6356	1
6411	0
4812	0
5436	1
5016	0
5900	0
6079	0
3682	0
3172	0
5361	0
4523	0
6723	0
3359	1
6000	0
2235	0
6733	0
1026	0
1546	0
1797	0
1391	0
3310	0
4899	0
650	0
4900	1
4959	0
887	0
206	0
6184	1
3288	1
4082	0
2676	0
4212	0
2848	0
4540	1
5559	1
4915	0
2252	0
5641	1
5172	0
3176	0
2956	0
6415	1
5424	0
2257	0
3484	0
3670	0
6576	1
4431	0
4415	0
4116	0
1151	1
2925	0
3079	0
532	0
617	0
1464	1
5724	0
2102	1
6563	0
6152	1
3078	0
6564	0
6431	0
6176	0
6514	0
6544	1
2721	0
5188	1
1368	0
895	0
2020	0
3445	0
6076	0
6265	0
2969	0
103	1
1490	0
1431	1
5216	0
4946	1
5590	0
4054	1
2190	0
6400	0
1837	0
3976	1
1841	0
402	0
234	0
2143	1
1729	0
3977	1
5250	0
2289	1
4222	0
546	0
229	1
2970	0
5259	0
339	0
3168	0
987	0
5949	0
667	0
1483	1
91	0
2280	0
4945	0
713	0
6246	0
4829	0
4447	0
1447	0
1218	1
7	0
3572	0
2914	1
2037	1
6064	0
4673	0
1426	0
5593	0
4940	0
6130	0
1333	1
3408	1
5850	0
2105	0
801	0
3940	0
3326	0
5473	0
1753	0
4675	1
4743	0
1830	1
1193	0
6188	0
3139	0
5480	0
3832	0
1240	0
3913	0
4770	0
6665	0
1726	1
2316	0
1212	0
4078	0
645	1
2837	0
3985	1
5929	0
3064	0
5658	0
6167	1
5214	0
3479	0
1390	0
4821	0
1618	0
94	0
2046	0
5368	0
3788	0
6720	1
5796	1
6160	0
3577	0
4285	0
3763	0
705	0
6751	0
5890	0
5828	0
2907	0
1109	0
3505	0
4891	1
3665	1
34	1
4844	1
6140	1
2531	1
2923	1
672	0
2293	1
2683	0
4806	0
919	0
4841	1
5231	0
4324	0
6205	0
1735	0
3211	0
2299	0
2186	0
4966	0
3677	0
899	0
1480	0
5921	0
1724	0
2831	0
5681	0
898	0
1925	1
1196	0
1358	1
3133	1
5280	0
2651	0
250	0
4499	0
660	0
3698	0
2552	1
5159	1
2603	0
2224	0
3703	0
6157	0
6018	0
4029	1
3758	0
5296	1
2158	0
6374	0
1370	1
5227	0
2009	0
6046	0
2780	0
6348	0
6674	0
2955	0
348	0
1761	0
3692	0
50	0
1117	1
5446	1
3867	1
5996	1
1603	0
2885	1
4562	1
4685	0
3362	0
5743	0
5907	0
5960	0
1549	0
4418	1
5650	0
845	0
1443	1
3218	0
3934	0
3631	0
3681	0
2116	0
4360	0
4738	0
262	0
1039	0
2781	0
1154	0
2174	0
1007	0
5372	0
3451	0
6131	0
2062	0
3534	0
2870	0
1659	0
228	0
3221	1
2291	1
4565	1
6582	1
4704	1
5061	0
4405	1
1269	0
2982	0
800	1
5578	0
1056	0
3187	0
1613	0
656	1
4032	0
5186	0
5820	1
2659	0
4679	0
5694	0
4367	1
1204	0
4413	0
6540	1
3859	0
2784	0
3033	0
1611	1
6614	0
6171	0
6267	1
3527	1
3471	0
4361	0
1512	0
6055	0
4615	0
1184	0
2532	0
4587	0
3618	0
5022	0
5501	0
5391	0
1223	0
1178	1
2851	0
948	0
2592	0
1424	0
1321	0
2832	0
4061	1
944	0
488	0
2275	0
5278	0
1305	0
5702	0
3298	1
6325	1
5080	0
3482	0
5678	1
5421	0
3277	0
4178	0
5336	0
4000	0
998	0
1785	1
2826	1
3418	0
2122	0
5886	0
6216	1
3142	1
5811	0
6673	0
5400	0
1544	1
441	1
1372	1
4165	0
1684	1
3112	0
2744	1
4857	1
670	1
2132	0
2348	0
1344	0
3376	0
6621	0
5561	0
4751	0
6228	0
6709	1
2866	0
6508	0
5557	1
2597	0
5757	0
6324	0
2160	0
49	1
2283	0
3705	0
4464	0
841	1
2021	0
136	0
2600	1
2263	1
2052	1
6357	1
5974	0
962	1
1446	1
1703	1
419	0
622	0
6459	0
5963	0
5404	0
3361	0
1048	0
3709	0
3295	0
464	0
5560	0
4889	0
586	0
4586	0
3959	0
6095	0
579	0
556	0
5485	0
3965	1
4519	0
5483	0
1022	1
1913	0
2626	0
2218	0
4851	1
846	0
1911	1
6471	1
4852	1
4695	0
4180	0
2840	0
4154	0
2693	1
1623	0
2050	0
1953	0
501	1
5789	0
2434	0
5349	1
3281	0
5995	0
3199	0
5070	0
1938	0
4276	0
2654	0
1732	0
3076	0
905	1
2427	0
3179	0
847	1
3403	0
3714	0
6543	1
6764	1
4419	1
1688	0
2335	1
1327	0
3317	0
3851	0
723	1
2203	1
897	0
107	1
5496	1
4755	0
5221	0
2401	0
6406	0
1415	0
3960	0
2738	0
448	1
2042	0
4194	0
1010	0
3806	1
2502	1
1256	0
2724	1
838	1
1402	0
216	0
5160	0
1217	0
3625	0
214	0
4338	1
4496	1
2422	0
5928	0
4941	1
1916	0
3024	0
6293	1
6558	0
2601	1
427	0
6536	0
5508	0
4479	1
3070	0
5624	0
1704	0
3862	0
3641	1
477	0
2130	0
1473	0
1320	0
5764	0
966	1
149	1
5604	0
484	0
951	0
3332	1
5217	1
52	1
4564	0
612	0
150	0
3516	1
5515	1
1133	0
1105	0
4658	0
5633	0
4273	1
5045	1
4391	0
2187	0
304	0
745	0
795	0
1932	0
3853	0
2195	0
329	0
3204	0
3042	0
2487	1
3191	0
1475	0
4074	0
4237	1
6062	1
5704	1
83	1
3014	0
299	0
4485	1
1471	0
832	0
594	0
3457	0
2366	0
2127	0
911	1
3438	0
2679	0
5198	0
4362	0
5323	0
6443	0
934	0
534	0
4589	0
3269	0
2634	0
5864	1
2295	0
4226	0
5012	0
3027	0
4033	1
371	1
1711	0
3444	1
3209	0
5812	1
2213	1
1492	0
1194	1
984	0
164	1
1068	0
4451	0
5054	0
2005	0
1325	0
1337	0
3997	0
471	0
2384	0
5689	0
5374	0
1231	0
4123	1
6685	0
5880	0
4656	0
6106	0
6380	0
2353	0
4641	1
4826	0
1397	0
3708	1
769	0
1856	1
2646	1
1524	0
1420	1
820	1
2806	0
540	1
4459	0
4395	0
853	1
2795	1
1894	0
5310	1
4652	1
4507	0
3448	0
4998	1
6493	1
1967	0
2936	0
5115	0
1996	0
690	0
3686	0
5445	1
1233	0
517	0
1615	0
6450	1
5630	1
4974	0
1790	1
689	1
6662	1
4383	1
6736	0
3252	0
4745	1
1821	1
5285	0
1543	0
165	1
718	1
1556	1
40	1
1385	0
5292	0
1906	0
1877	1
3384	0
1120	1
2108	0
3925	0
4944	1
316	0
1701	0
6783	0
4819	0
3096	1
6212	1
1593	0
982	1
5919	1
1282	1
2699	0
1128	1
1897	0
3178	1
3820	1
5201	0
5151	0
4249	0
6754	0
2185	0
3122	0
789	0
2232	0
562	0
420	0
6663	0
6687	1
2404	0
5959	0
6557	0
6347	0
4315	0
3140	0
5152	0
4693	1
3182	0
3492	0
4370	0
1271	0
5945	0
949	0
2343	1
5097	1
3260	1
4559	0
2755	1
1852	0
2929	0
2051	0
324	0
3453	0
3619	1
5443	1
6027	0
2334	0
1814	0
4575	0
4328	0
663	0
4283	1
2432	0
492	0
3402	0
6122	1
3026	0
1538	1
4263	0
5825	0
3530	0
557	0
5157	0
350	0
87	0
1850	1
2743	0
3478	0
3893	0
5948	0
4538	1
4827	0
5008	1
4689	0
6190	1
4972	0
659	0
43	0
881	0
2522	1
3289	0
4506	0
6683	0
5194	0
4069	0
5889	1
4077	0
4298	0
6786	1
3637	0
6584	0
152	0
5477	0
5868	0
3974	0
5441	0
861	0
2458	0
6002	0
6345	1
6112	0
5437	0
5867	0
6334	0
3633	1
4847	0
2500	1
1288	0
219	1
2312	0
41	1
1910	0
4795	0
3936	0
1506	0
2867	0
4302	0
5638	1
2791	0
5324	0
5905	0
2118	0
4625	0
2470	1
2290	1
3314	0
3689	0
928	0
4640	0
6625	0
3276	0
5375	0
5711	0
537	0
2453	0
2	0
5177	0
3279	0
1155	0
2281	0
5487	0
6659	1
6250	0
2362	0
3416	1
1499	0
3415	1
3707	1
829	1
361	0
6489	0
176	0
1192	0
3025	0
45	1
1870	1
5429	0
3547	0
1752	0
559	0
4777	0
3922	1
1452	0
3046	0
2002	0
3503	1
5430	0
4725	0
4421	0
3667	0
2685	0
2700	0
6479	1
3345	1
5926	0
5468	0
5058	0
6752	1
3334	0
2166	0
2557	1
462	1
1331	0
460	0
5910	0
542	0
3200	1
2733	0
238	0
812	0
3773	0
3291	0
5832	0
2790	0
5983	0
5688	0
6031	0
4598	0
2491	0
6602	0
3368	0
3195	0
1853	1
2055	1
516	1
301	0
1691	0
6440	0
4730	0
2678	1
5348	1
2939	0
6102	0
4342	1
4390	0
4517	1
4756	0
4574	0
760	1
2773	0
101	1
2012	0
2892	0
2920	0
4561	1
6457	0
1670	0
6699	0
6727	1
2288	1
4388	0
5747	0
5353	0
2735	0
3609	0
6515	0
6664	0
2226	0
37	1
3511	0
2788	0
1836	0
4036	0
2763	0
5674	0
4103	0
3117	1
6770	1
3245	1
3387	0
6165	0
6765	0
4902	1
5962	1
2794	0
1868	1
3591	1
5420	0
5913	0
1992	0
2437	0
4580	0
823	0
252	1
507	0
4063	0
69	0
2864	0
264	0
403	1
2861	0
5106	0
3134	0
1159	0
3817	0
162	0
5957	0
2026	1
3105	1
2590	0
6426	0
4267	0
3722	0
2526	0
196	0
2715	0
1517	0
1427	0
4403	0
132	0
1242	0
1156	1
1760	0
3602	0
6101	1
6742	0
588	0
5607	0
160	0
2665	0
1206	1
6486	1
1063	0
2938	0
570	0
3676	0
4488	0
5858	1
4408	0
6645	0
2027	0
1773	0
4588	0
1655	1
752	0
684	0
6561	0
605	0
5009	0
2618	0
2541	0
6507	0
3003	0
3684	0
1805	0
4856	1
3372	1
4200	0
4111	0
500	1
3865	1
2593	0
5158	0
1142	0
2989	0
5491	0
2521	0
1734	0
3911	0
4910	0
1395	0
275	0
1014	0
5021	0
1756	0
5082	1
3916	1
5555	1
5898	0
5165	1
4613	1
2191	1
1341	1
4414	1
4110	1
3080	0
3114	1
143	0
2441	0
1096	0
2518	0
39	0
808	0
279	0
6364	0
5842	0
3792	0
6577	0
5213	0
307	0
2271	0
2393	0
1472	0
2345	0
3019	0
1259	0
6091	0
248	1
1111	1
4950	1
530	0
5802	0
4177	1
5601	1
5316	0
1621	0
936	0
2998	0
3305	0
2643	0
1536	0
978	1
6286	0
855	0
735	0
6474	0
5750	0
6281	0
4330	1
5594	0
6206	0
2723	0
3754	0
5356	0
3630	0
5710	0
5170	0
5628	1
3735	1
4869	1
5753	1
1736	1
1714	0
2740	0
3663	1
2008	1
630	1
5644	1
379	0
6548	0
77	1
4450	0
867	0
2627	1
364	0
775	1
315	1
233	0
4970	0
425	0
2145	1
4727	1
1243	0
5326	0
79	0
780	0
3208	0
5783	0
4452	0
6118	0
6214	0
1274	0
15	0
5411	0
6610	0
3113	0
4808	0
4733	0
3308	0
3206	0
2081	0
1964	1
1407	0
496	0
1632	0
4887	0
2916	0
6689	0
6341	1
5970	0
5956	0
6126	0
5360	0
504	0
1534	0
1788	0
6637	0
1428	0
6538	1
2776	0
606	1
4614	0
2107	1
4790	0
55	0
6204	0
3188	0
3747	0
1501	0
2245	0
6575	0
398	0
3818	0
2797	0
2766	0
4294	0
440	0
5873	1
1451	1
1885	1
1886	0
67	0
139	0
3971	1
104	0
1719	1
2974	1
599	0
2544	1
4497	0
4554	0
93	0
1294	0
4465	1
4596	0
5469	1
550	0
4190	1
4983	1
682	0
4532	0
892	0
5894	0
4754	0
6217	1
5992	0
4115	1
2607	0
1160	0
1468	0
6197	0
2992	0
3723	0
5605	0
2505	0
4542	1
1893	1
1313	1
1740	0
4007	1
6151	1
2413	0
2888	0
3021	0
1768	0
3287	0
3263	1
4909	1
536	0
3746	1
2959	0
4778	1
566	0
3219	0
3784	1
2054	0
6119	0
548	0
3548	0
4076	0
3244	1
6329	1
2103	0
3242	0
396	0
614	0
424	1
665	0
5807	0
6691	0
1709	0
4478	1
3854	0
276	1
146	0
194	0
2536	0
974	1
3490	0
4205	0
6015	0
4931	0
2216	0
6570	0
5218	0
6370	0
5384	0
6320	1
6155	0
6572	0
623	0
175	0
6009	0
4932	0
4140	0
4698	1
3424	0
3649	1
3671	1
5312	1
489	1
6651	1
5457	0
6408	1
1529	0
3354	0
6382	1
957	1
1106	0
289	0
4868	1
3966	0
5439	0
1630	0
1350	0
6135	0
1425	0
309	0
961	0
6045	0
6372	0
4147	0
833	0
170	0
2782	0
6656	1
5523	1
6427	0
3111	1
3473	0
2409	0
336	0
2820	1
639	0
4933	0
5870	1
4202	1
4785	0
5184	0
6506	1
6219	1
4650	1
701	0
711	0
28	0
2165	0
3186	0
6367	0
6502	0
5025	0
1918	1
4345	0
2898	0
4573	0
3171	0
2901	0
1161	0
6581	0
2812	0
5573	0
499	0
851	1
1705	1
1301	1
3163	0
1673	0
4723	1
3561	1
1285	1
2198	0
805	1
3235	0
6553	1
6527	0
6730	1
3302	0
3720	1
1260	0
6173	0
3760	0
4021	0
3696	1
632	0
6675	0
2560	0
6771	0
5478	1
5189	0
6660	0
2473	0
2641	0
5987	0
4008	0
3333	0
4343	0
4442	0
3443	0
906	0
6697	0
5895	0
1070	0
4606	0
6485	0
4334	0
5257	0
5780	0
4537	1
1195	0
5092	1
1042	1
166	1
3351	1
2533	0
5844	0
2344	0
3497	1
4300	1
4653	0
1505	0
2209	0
3123	0
3466	0
5506	0
6317	0
2918	1
1273	0
6316	0
5782	1
4967	0
5763	0
4563	0
5838	1
6042	1
5567	0
1552	0
5997	0
1024	0
3786	1
3169	0
108	1
353	0
6260	0
3228	0
4128	0
2087	0
407	1
5574	0
4678	0
5013	1
4571	0
3955	0
2488	0
3653	0
3734	0
1963	0
6013	0
4882	0
1086	0
1438	0
16	0
1583	0
4753	0
4239	0
271	0
1466	1
1845	0
4167	1
1657	1
3146	0
4317	1
4930	0
4734	0
4094	1
2467	0
4501	0
4939	1
6607	1
3884	0
1157	0
230	0
1340	1
4872	0
5019	1
5252	0
720	1
4921	0
4206	0
3659	0
1052	0
422	0
882	0
1201	0
4873	1
5985	0
1690	0
5347	0
4494	1
6043	0
1163	0
5056	0
4791	0
1095	0
6482	0
3842	0
1379	1
1496	0
626	0
1478	0
2963	0
365	0
539	1
1597	0
1405	0
3237	0
3975	0
3528	0
3057	0
5759	1
2341	1
6311	0
1948	0
2376	0
6277	0
4335	0
3582	0
3993	0
2728	0
4100	0
5881	0
5237	0
2953	0
1441	0
56	0
2750	0
731	0
4119	0
6734	0
4436	0
3296	0
1303	0
2775	1
3223	0
3580	0
3956	0
1927	1
3551	0
3181	0
6290	0
2612	0
596	0
6285	1
109	0
4566	1
698	1
2151	0
1147	0
759	0
2897	0
4003	0
837	0
6297	1
2668	1
967	0
3450	1
4985	0
5140	0
6359	0
414	1
6294	0
6047	0
1887	0
5622	0
4934	0
6737	0
3100	0
1569	0
3207	0
1832	0
1110	1
3680	0
3469	0
2854	0
3265	1
5142	0
6430	0
6701	1
5494	0
1576	0
2077	0
3710	0
2428	1
4744	0
286	0
3341	1
4817	1
4052	1
5371	0
135	0
1224	0
1389	0
5395	0
6442	0
263	0
1477	0
2542	1
6787	0
6034	1
6728	0
6547	0
6769	0
1564	0
551	0
1011	0
6169	0
6588	0
4729	0
4721	0
5244	0
6148	0
19	0
5941	0
1825	0
2501	1
3121	0
1311	1
2559	1
76	0
3487	1
343	0
772	0
167	0
4150	0
3779	0
5669	0
4368	1
6244	0
6082	0
6407	0
2000	0
2905	0
1842	0
1262	0
5775	0
3628	0
6640	0
2823	0
1596	0
62	1
3524	0
6398	0
1939	0
1514	0
2305	0
6644	0
456	1
2912	1
254	0
6652	1
5629	0
5167	1
2877	0
2875	1
31	0
1132	0
629	0
5133	1
5403	0
5988	0
5798	0
1270	0
128	0
4971	1
3152	1
6495	0
4125	0
5665	0
5308	1
6328	0
469	0
1208	0
6590	1
2588	0
21	0
5185	0
6313	0
3969	0
923	0
2578	0
553	0
5357	1
2296	1
5180	1
1312	0
3700	0
545	0
1515	0
5239	0
3328	1
2447	1
2964	0
6366	0
590	0
2099	0
2230	1
2662	0
3673	0
5528	0
3845	0
6346	0
4639	1
5282	0
5774	1
3811	0
5247	0
3522	0
5572	0
2396	0
2421	0
2847	0
4520	1
2452	0
4044	0
3508	0
939	1
641	0
6349	0
5406	0
1250	0
5338	0
244	0
2250	0
1708	0
2751	0
81	0
4513	1
3802	0
127	0
4141	0
4797	0
5535	0
3135	0
2871	0
1382	0
5246	0
3498	0
1557	0
6207	1
3251	0
5117	0
3950	0
3395	0
5706	0
3644	0
554	0
6139	1
3899	1
5087	0
627	1
549	1
1029	1
1123	1
2085	0
3189	1
4291	1
1306	1
5734	0
1936	0
209	0
3606	0
1848	0
736	0
4441	0
1252	0
1822	0
3449	0
977	0
4353	1
1387	0
1813	1
2843	0
4858	1
112	0
1400	0
5475	0
5728	1
4977	1
2417	0
6484	1
6144	0
6623	0
6182	0
5541	0
356	0
5635	0
4284	0
6634	0
6532	0
1189	0
6050	0
5428	0
5187	0
5138	0
5354	0
2292	0
552	1
5401	1
3724	1
1682	0
1038	0
1297	1
3160	0
383	0
3929	1
2968	0
5816	1
2045	1
6534	0
3669	0
3833	0
3519	1
1034	0
201	0
4066	0
1	0
4166	1
6094	1
5146	0
4976	1
6389	0
4475	0
1983	1
3953	1
3037	0
4109	0
5576	0
6096	0
1121	0
111	1
3483	0
920	0
1463	0
2072	1
3272	0
3860	1
453	1
4905	1
6223	1
1890	0
4627	0
1037	0
2947	1
1254	1
5141	0
1749	0
3515	0
3850	0
4275	1
3012	0
4958	0
729	0
6001	0
6072	0
5938	0
2078	1
2880	1
2708	0
115	0
1784	1
862	0
1211	1
655	0
3569	1
4760	0
3091	1
3284	0
1146	1
3060	1
2029	0
864	1
888	1
5135	1
5311	1
2777	1
506	0
3173	1
2058	1
4648	1
2128	0
5390	0
4699	0
6154	0
4213	1
2629	0
6338	1
5043	0
4256	1
6086	0
5301	0
4712	0
2983	1
4114	0
4558	0
4651	1
1239	1
4064	0
5023	0
2731	0
2059	1
2304	0
2742	1
6719	1
3688	0
3662	1
3983	0
5703	0
3154	1
2137	0
6210	1
4296	1
5999	0
4017	0
2642	0
5837	0
6511	0
5032	0
1951	0
2890	0
5269	0
1263	0
4788	1
3941	0
1207	0
1025	0
2468	0
2298	0
5109	1
3427	1
2636	0
2297	1
1962	1
84	1
204	1
560	1
4295	0
1722	0
850	0
2667	0
3610	1
1619	0
6199	0
6099	0
3373	0
3063	0
3711	0
6040	0
6779	0
5299	0
1265	0
161	1
5011	0
5845	0
3837	0
2729	0
3358	1
6221	0
4709	0
5206	1
2815	0
3601	0
3273	1
4382	0
5489	0
4864	0
393	1
288	1
3103	0
885	1
1261	0
3632	0
6303	0
4274	0
1417	0
2547	0
2320	0
2981	0
2809	0
3262	0
6526	0
4511	0
5277	0
2469	0
589	0
2573	0
5364	0
6714	1
4010	1
931	1
1994	0
1654	0
2818	0
1458	1
2360	1
4628	1
6488	0
1847	0
2872	1
5193	1
1429	0
358	0
423	1
3545	0
3858	0
6306	0
2977	0
185	0
1563	0
3364	1
2611	0
3810	0
4311	0
1863	0
2333	0
1570	0
4107	0
5118	0
3092	0
4737	0
5732	0
3651	0
4163	1
1698	0
3717	0
2124	0
2930	1
487	0
42	1
5570	0
600	1
980	0
3412	1
1807	1
6200	1
4046	1
4597	0
3166	0
5510	1
6249	0
1968	1
3217	1
5204	1
6253	0
5343	1
943	0
2602	0
3645	0
2030	0
894	0
3501	0
5692	0
6649	0
2436	1
4106	0
5737	0
2576	0
2690	0
6556	0
1780	0
5182	0
1491	1
1907	1
2041	0
4928	0
1279	0
1504	0
2399	1
1509	0
1928	0
3370	1
4691	1
5762	0
5238	0
2152	0
5745	0
5709	0
3385	1
4893	1
347	0
793	0
5328	0
1232	1
999	0
1739	1
3690	0
380	0
1057	0
6423	0
2869	0
1135	0
3812	1
3536	0
1148	0
1879	1
803	0
259	1
409	0
1054	0
917	1
1202	0
915	0
4963	0
1527	0
184	0
4527	0
6283	0
4433	1
6626	0
2762	1
6441	0
6308	0
3081	0
5319	0
4876	0
733	0
6666	0
4853	0
1782	0
6109	0
5984	0
2208	0
6525	0
1914	0
2703	0
716	0
0	1
708	0
815	1
2149	0
2406	0
3407	0
1439	0
4674	1
5562	0
4716	0
1450	0
3141	1
3049	0
2730	0
2227	1
5676	1
3477	0
375	0
3205	0
4707	0
4794	1
5673	0
4457	1
900	0
4719	0
2948	1
5498	1
1668	0
2351	0
4160	0
3311	0
742	1
2410	0
1436	0
2810	0
4524	0
5249	1
1656	0
3322	0
564	0
758	0
6432	0
2991	1
5973	1
4572	0
5700	0
6435	0
4303	1
1061	0
3410	1
2355	0
6011	0
2580	0
1795	1
2935	0
4366	1
3136	0
6121	0
6365	0
985	0
1055	0
2231	0
2114	0
3816	0
2047	0
525	0
4489	0
3526	0
3743	0
4988	0
6262	0
2746	1
6117	0
6402	0
1898	0
3539	1
661	1
634	1
4907	0
4965	0
4184	1
4975	0
479	1
412	1
3180	1
6775	1
5470	1
6629	0
4547	0
3844	0
6110	0
5840	0
436	0
6084	0
1276	0
6343	0
4792	0
5916	0
1140	0
3797	0
5537	0
4056	0
4682	0
6077	0
1004	0
4610	1
4151	0
1778	0
3964	0
1359	0
6362	0
2418	1
5785	0
4912	1
3017	1
4591	0
1641	0
3979	0
1058	0
2142	0
330	0
1064	1
4784	1
4148	1
3952	1
1972	0
1896	0
5551	1
4551	0
5602	0
6163	0
842	1
5255	0
6363	0
4670	0
1875	0
5924	0
2986	0
6058	0
255	0
2357	0
1293	0
6067	0
6017	0
5797	0
5795	0
1584	0
1363	0
4073	0
1412	1
2504	0
1381	0
1857	0
1090	1
669	0
2687	0
5351	0
4422	0
1671	0
4466	1
5871	1
4549	1
2697	1
5814	0
6470	0
4850	0
2771	0
6509	0
6717	0
3771	1
1757	0
1995	1
4989	0
1742	0
2225	0
3255	0
1278	0
4888	0
5389	0
830	0
1221	0
405	0
4649	1
1693	0
1771	0
2620	1
2858	1
3772	0
3903	1
1280	1
38	0
1888	0
2035	0
3389	0
2827	0
4816	0
6477	0
5717	0
2483	0
5190	1
640	0
5018	1
5376	0
2381	0
4040	1
1287	1
2474	0
4996	0
2215	0
6606	0
1295	0
5228	0
2556	0
5163	0
6655	0
2067	0
6108	0
6608	0
4702	0
658	1
4759	0
2294	1
3800	0
1636	0
325	0
2150	1
2111	0
678	0
6068	0
298	1
6194	1
4246	1
2545	0
2798	0
3529	1
3068	1
5341	0
3156	1
2927	0
1258	0
3635	0
4420	1
5315	0
4632	0
3923	0
5977	0
6643	1
6104	0
6261	1
6292	0
5272	0
4346	0
35	0
1043	0
2942	0
359	0
3420	0
1500	0
1018	0
3612	1
1145	0
3259	1
4404	1
972	0
576	1
4879	0
3825	0
4541	0
4766	0
3290	1
2368	0
3013	0
1141	0
290	0
387	0
302	0
6641	0
5643	0
5313	0
80	0
6289	0
989	0
5877	0
2129	0
6580	0
27	0
3912	1
3640	0
6296	0
222	1
5281	0
4638	0
4406	1
1917	0
5721	1
2438	0
6692	0
4741	0
4919	1
6070	1
4802	0
913	1
4619	0
2960	1
5035	0
6085	0
4344	0
5208	0
1108	0
4581	0
1050	0
529	1
3020	0
5418	0
1049	0
33	0
157	0
3355	0
959	0
292	0
451	0
4257	0
268	0
249	0
1152	1
4973	0
5322	0
3875	1
4500	1
116	0
328	1
438	0
3320	0
954	0
6670	0
4631	1
6312	1
168	0
4923	0
3034	0
3297	0
142	0
1076	0
2389	0
1717	0
5843	0
2513	0
2581	0
421	0
1378	0
2692	0
6416	1
2859	0
5090	0
2774	0
4305	0
5787	1
2233	0
3908	0
3592	0
278	1
2199	1
6305	1
2359	0
3553	0
4692	1
1559	0
3660	0
5456	0
357	0
2523	0
3560	0
4493	0
877	0
3879	0
4350	0
4232	0
6587	0
6342	0
2184	0
5051	0
4429	1
4309	0
1474	1
1660	1
2932	0
68	0
6264	0
1158	0
4903	1
2534	0
3525	1
4835	1
5589	0
6428	1
6083	0
6409	0
3805	0
4605	1
5906	1
2071	0
5552	0
5175	0
5755	0
5048	0
580	0
6698	0
4736	0
2015	1
4813	0
6460	1
2514	0
2222	0
1696	1
2390	0
6512	0
6609	1
5596	0
1453	0
1118	1
1272	1
2300	0
4635	0
454	0
2175	0
2965	0
5761	1
4529	0
4196	0
1631	0
4677	0
4400	0
1944	0
6127	1
6401	0
3967	1
3664	0
3234	0
5033	0
3312	1
2828	0
4672	0
1179	1
3586	0
5128	1
3657	0
3342	0
4357	0
1066	0
4365	0
4385	0
721	0
4371	0
3045	0
5908	0
5458	1
6749	0
3741	0
5423	0
6113	0
1667	0
1763	0
2538	0
2025	0
352	0
3058	0
5350	0
3988	0
4476	0
6712	0
4895	0
704	1
6036	0
5526	0
5052	0
6677	0
5511	1
5100	0
3938	1
5752	0
6601	1
2839	0
4162	0
3919	0
4013	0
804	1
3015	1
819	0
6243	0
5545	0
2260	0
4463	0
1683	0
1685	1
459	0
857	0
2656	0
4216	0
2415	0
10	0
1410	0
344	0
4425	0
5855	0
6424	0
5518	1
6420	1
1457	1
1997	1
5267	0
1177	1
503	1
1116	0
3421	0
5513	0
1226	0
24	1
3339	0
5666	1
2375	0
180	0
1535	1
5827	0
2171	0
1418	0
3555	1
243	0
3194	0
23	1
4867	0
2157	0
1522	1
4860	0
1957	1
2258	0
4099	0
71	0
528	0
3596	0
958	1
4811	0
5865	0
4612	0
1241	0
1469	0
2785	1
1083	1
4681	0
6115	0
3059	1
6340	1
5647	1
4696	1
2671	0
6024	1
2075	0
2962	0
947	0
4137	0
5804	1
6240	0
4779	0
683	0
2372	0
476	0
3782	0
6270	0
124	0
4525	0
4955	0
2211	0
4920	1
4065	1
6257	1
2971	0
1316	0
1820	0
221	1
1620	1
2598	1
1855	0
5450	1
5571	1
4399	1
5340	0
2548	0
5857	0
4758	1
4265	0
2173	0
1644	0
6254	0
2013	1
1873	0
756	0
2566	0
707	0
5104	0
3167	0
5986	1
390	0
5950	0
2018	1
297	1
4820	0
5205	1
5584	1
1600	1
2082	0
5707	1
377	1
5330	0
4804	0
6781	0
2647	0
1503	0
5145	0
3626	1
2177	0
4896	1
6711	1
5181	0
5392	0
6452	0
2924	0
5202	0
461	0
3762	0
6004	1
6232	0
6284	0
1713	0
5174	0
6107	0
5137	0
1284	0
3202	1
4416	0
2980	0
3236	0
5335	0
1467	0
287	0
4664	0
3571	1
2455	0
2873	0
2120	1
5766	0
5105	0
2445	0
755	0
4245	0
2182	1
2550	1
1119	1
836	0
5915	1
3089	0
3224	1
5668	0
1213	1
4387	1
6186	1
4661	0
5306	1
4253	0
4832	0
2358	0
4772	0
952	0
5015	0
5125	0
153	1
485	0
5767	0
5191	0
3980	0
734	1
3239	0
4543	1
674	1
1859	0
4251	1
2141	1
5971	1
5819	1
2852	1
4865	0
5240	1
1811	0
4854	0
5951	0
2850	0
2485	0
1661	0
208	0
3981	0
6789	0
5096	0
3759	0
814	1
1532	0
231	0
6238	0
1770	0
1497	0
5	0
5891	1
3369	0
1347	0
3863	0
4070	0
29	1
349	0
2461	0
751	1
5236	1
232	0
5696	1
4885	0
3737	0
6174	1
4570	0
6594	0
2482	0
635	0
5362	0
927	0
1336	0
5284	0
1371	0
4299	0
6304	0
491	0
6413	0
4102	0
706	0
113	1
5057	0
6137	0
953	0
2979	1
514	1
4087	0
2477	0
2754	0
3509	1
2325	1
618	1
46	0
3094	1
955	1
4576	1
4823	0
4086	1
4703	0
5126	1
2717	0
3972	0
4201	1
6195	1
6088	1
1334	0
1574	0
859	0
4277	0
5975	0
6528	0
6599	0
1582	0
4437	0
1051	0
4663	0
2886	0
3000	0
1234	0
5444	0
2652	0
1979	0
2562	0
6021	1
4446	1
1779	1
1548	0
2044	1
5171	0
428	0
2689	1
578	0
1787	0
4480	0
5388	0
2076	0
5162	0
2369	0
4241	1
2276	0
4168	0
6631	0
2433	0
6533	0
4840	0
5452	1
2779	0
1060	0
2327	0
5422	0
1459	0
269	1
5623	0
4243	0
3590	0
4181	0
3605	0
1300	0
5055	1
3439	0
4911	1
5149	0
320	1
3275	1
2709	1
3821	0
5718	1
2356	1
5547	0
6425	1
5818	1
3143	0
945	0
1872	0
2480	0
2993	0
5416	0
5790	1
3752	0
4803	0
5830	0
728	0
6788	0
6436	0
140	0
445	0
5210	0
779	1
4289	0
4600	0
880	1
1899	0
794	1
653	0
3570	0
323	0
2787	1
2429	0
4990	1
4642	0
646	0
3481	0
6780	0
4234	0
4028	1
4617	0
844	0
5263	0
4316	0
3441	0
5200	0
1933	0
5248	0
5120	0
5098	0
363	0
3127	0
543	1
693	0
1144	0
679	1
2767	0
5943	1
4789	1
5826	0
6447	0
988	1
1122	0
879	0
2551	0
4601	0
6703	0
3588	0
3261	0
3996	0
2688	0
1765	1
3434	0
294	0
3390	0
3502	1
1153	1
1627	1
3738	1
458	0
2049	1
807	0
2595	0
6198	1
394	1
5994	0
3550	0
2860	0
6776	0
4862	1
6672	0
5093	1
6019	0
2928	0
3405	0
1398	0
3904	0
3039	0
2234	0
3144	0
169	0
712	0
1731	1
2895	0
2816	0
1102	0
544	0
4890	0
3835	0
2829	0
6255	0
1577	1
2019	1
2623	1
4097	1
4953	0
3009	1
3090	0
654	0
3736	0
5862	1
318	1
3196	0
4942	1
2240	0
6237	0
6562	1
3836	0
5931	0
4866	1
4037	1
4937	0
340	0
6397	0
863	0
490	0
4057	0
4768	0
6546	0
6028	0
3476	1
4428	1
360	1
282	1
2954	1
937	1
3563	0
134	0
1628	0
3889	0
2555	1
189	0
4235	0
447	0
174	0
6116	0
6505	1
3982	0
5071	0
4938	1
1865	0
649	0
1366	0
6763	0
933	0
13	0
3989	0
3388	0
2833	0
983	0
2179	0
5553	0
3132	0
5377	1
1404	0
1937	1
6387	0
1214	0
1307	0
6332	0
3549	0
5005	1
607	0
3783	1
5432	0
3475	0
1198	1
848	0
181	0
3159	1
220	0
4060	0
3575	1
1980	0
2511	1
1652	1
6354	1
2253	1
4801	1
6073	0
493	0
969	0
373	0
2444	0
878	0
3446	0
2516	0
2805	0
4906	0
3849	1
211	0
2704	0
6516	1
5937	0
5183	0
4096	0
5534	0
1712	0
4047	0
2140	0
5463	1
4172	0
6753	1
6738	0
6732	0
3990	0
4411	1
5657	1
6379	0
200	1
5297	1
5381	0
916	0
2314	0
3340	0
4460	0
3101	0
3712	1
430	0
746	0
4233	0
2838	0
5383	0
2677	1
4434	0
3603	0
2507	0
831	0
1828	0
6360	0
6646	1
4960	0
4108	0
2701	0
4080	0
1973	0
2243	0
3654	0
6520	0
2307	0
3794	1
976	0
6487	0
2420	0
4917	0
1081	0
163	0
5030	0
1598	0
1099	0
2648	0
1302	0
2244	0
5512	0
3489	1
2933	0
3544	1
3998	1
366	0
5063	0
6061	0
4152	1
3958	0
3994	1
6790	0
5014	0
72	0
1718	1
6725	0
310	1
875	1
6774	1
2329	0
975	0
1829	0
1551	0
5286	0
4238	0
3293	1
253	0
5691	0
778	1
439	1
1356	1
1376	0
1585	0
2331	1
3944	0
1487	0
1741	0
5212	0
1912	0
613	1
1036	0
3247	1
1317	1
1388	1
6007	0
6604	0
6739	1
5705	0
6735	1
5758	0
3165	0
6276	1
2170	1
4660	0
6323	0
5261	0
1677	0
2640	0
4874	0
6696	0
2386	0
4582	0
6768	0
4191	0
6741	1
6287	0
4981	0
6226	1
575	0
5075	1
3267	1
3137	0
5020	1
2036	1
6490	1
3984	0
5000	0
2156	0
3360	0
5621	1
6	0
5920	0
6682	0
4763	0
1434	0
4198	0
4908	0
6180	0
2570	0
1985	0
6222	0
1077	0
4392	0
1804	0
2385	0
2074	1
1869	0
1924	0
1986	0
2095	0
1227	0
2896	0
3282	0
2604	1
3371	0
369	0
5722	0
5465	0
615	0
1030	0
4281	0
2764	0
4752	1
6676	0
5982	0
1781	0
1840	0
5966	0
5716	0
6375	0
3830	0
6032	0
5586	0
5885	0
4197	0
5659	1
88	1
449	1
3781	0
2940	0
5940	0
5930	1
3447	0
889	1
3538	1
5053	1
806	0
3085	0
78	0
1624	0
4578	0
3023	1
4991	0
6010	0
4503	0
5600	0
1485	0
6579	0
3822	0
6071	0
6053	0
5848	0
6680	1
6446	0
2553	1
6628	1
5276	0
3740	0
743	0
2899	0
6761	0
2278	0
5088	0
5663	0
2765	0
5024	1
1601	0
1806	0
921	0
2624	1
741	0
1738	0
5617	0
4417	0
4124	0
4019	0
2561	0
2270	0
6647	0
2783	0
4286	0
1012	0
3598	0
416	1
873	1
5708	0
6063	0
2726	0
173	0
6128	1
1658	0
321	0
4697	0
89	1
3480	0
198	1
5461	1
3933	0
3215	0
924	1
5472	1
5615	1
2086	0
1750	1
4776	0
3404	0
5639	0
6242	0
3069	0
247	0
3422	0
188	0
6196	0
5408	0
687	0
6598	0
6381	1
2440	0
6613	0
2287	0
3393	0
1531	0
3622	0
5270	0
1448	0
3381	0
1035	0
843	1
4358	0
246	0
2326	0
1579	0
6448	0
4320	0
5671	0
3499	0
5884	0
187	0
5197	0
950	0
1290	0
6718	1
3098	0
5835	0
4626	0
1454	1
4486	0
4713	0
1720	0
6567	0
1067	0
973	0
2591	0
5955	0
786	0
2632	0
3518	0
3170	0
5935	0
177	0
1526	1
1969	1
4351	0
3233	0
1999	1
92	1
852	0
3870	1
5503	0
3220	1
5723	1
3192	0
5060	1
3474	0
3346	0
4599	0
4666	0
3417	1
5685	1
3880	0
6465	1
6513	0
6225	0
2571	0
1803	0
4203	0
3565	0
6052	0
1044	0
5300	0
1902	0
2706	0
5366	0
2010	0
6620	0
3579	0
3648	1
6229	0
5143	1
4742	0
5386	1
2622	0
2494	1
798	0
6759	0
597	1
3589	0
265	0
2084	1
585	0
17	1
4378	0
2178	1
6241	1
4022	1
6679	1
5482	0
3750	0
1867	0
1591	0
6185	0
6189	1
2092	1
5810	0
224	0
2862	1
1558	0
3978	1
5029	0
1796	0
256	0
1555	0
6740	0
3016	1
4769	1
5134	1
4593	1
5897	0
1484	0
3661	0
5777	1
1892	0
2241	0
6330	1
3084	0
1595	1
890	1
5440	0
2352	1
1878	0
2202	0
1103	0
4376	0
1028	0
1692	0
5646	1
5741	0
1416	0
2454	0
6035	0
6744	0
1941	0
2446	1
4706	1
3931	0
4630	0
6669	0
3240	1
4093	0
3029	0
2999	1
6056	0
1727	0
6394	0
3831	1
3349	0
2841	0
5683	1
2757	0
3840	0
524	1
2655	0
1947	1
4271	0
2868	1
5467	1
997	1
3338	1
2949	1
4248	0
2564	0
643	0
5028	0
2492	0
1165	0
647	1
5266	1
3052	0
1987	0
215	0
3214	0
1943	0
681	0
6006	0
1360	0
1304	0
3149	0
6412	0
1513	0
1114	0
6453	0
6319	0
4898	0
3521	0
3910	0
5833	0
2238	1
4997	1
3396	0
6585	0
5649	1
1247	1
3918	1
965	0
822	0
1747	1
95	1
5425	0
1143	1
141	0
2338	0
4545	1
4240	0
2361	0
4877	0
3874	1
6391	0
5725	0
1672	0
569	1
5260	0
4502	0
3432	0
3050	0
2249	0
3435	1
6519	0
5397	0
2857	1
714	0
5243	1
1283	0
5438	1
5642	0
2034	1
4264	1
11	0
946	0
5684	1
5464	0
1238	0
628	0
5387	0
3335	0
3088	0
6571	1
2204	0
677	0
3093	0
884	1
5047	0
3365	0
4129	0
4112	0
3600	0
2088	0
5288	1
6054	0
5637	1
2621	0
2424	0
5976	0
2691	0
4438	1
3325	0
1079	0
5768	0
4188	0
5155	0
5327	0
5533	0
3963	1
1715	0
871	1
5730	1
2113	1
98	1
2635	0
6726	1
6224	0
5305	0
3928	0
2761	1
3896	0
1903	0
1966	0
5909	0
5359	0
5153	0
120	0
3231	0
5006	0
4336	1
523	0
4916	0
5320	0
3248	0
839	0
2830	0
5654	1
5670	0
710	0
3174	0
6065	0
6605	0
5861	0
2242	0
2247	1
2254	1
1386	0
2374	0
4030	0
197	0
2804	0
6369	1
4837	0
5799	0
5756	1
4957	0
1533	0
3595	0
4750	0
1482	0
6695	0
6756	0
4314	0
1437	1
6473	0
2332	0
2745	0
5847	0
4039	0
3201	0
3299	0
291	1
3808	1
1175	1
1101	0
2112	0
3856	0
5636	1
1138	1
3807	1
866	1
1020	0
938	0
6012	1
5564	1
5690	0
4084	1
2769	0
2309	1
5064	1
5714	0
5122	1
5241	0
6766	0
5223	0
6633	0
3010	0
395	1
5382	0
4622	0
666	0
3249	0
4608	0
3067	0
3380	0
762	0
4089	1
1786	1
4846	0
5488	1
3557	0
408	0
2673	0
1762	0
2431	0
6716	1
261	0
4557	0
5521	1
3319	0
5504	0
1080	0
1935	0
6352	0
3745	0
3431	0
6658	0
2484	1
5834	0
4105	0
4145	0
1680	0
2540	0
1087	0
1606	1
2786	1
5536	0
1257	0
2770	0
6059	1
6051	0
2808	0
5588	0
785	0
2579	1
5385	1
25	0
1172	0
3268	0
4306	0
2944	0
2196	0
2181	0
4624	0
903	0
3683	0
4121	0
123	0
4546	0
1244	0
2148	0
1808	0
1088	0
4786	0
2695	0
642	1
4636	0
1694	1
1895	1
3878	0
2109	0
2879	1
4288	1
1185	0
896	1
5712	1
4157	0
3	0
5094	0
6690	0
4373	1
3796	0
2135	0
2172	0
311	0
1444	0
4407	1
1764	0
6209	0
5936	0
519	0
754	1
1915	1
2718	1
2324	1
3887	1
1275	1
593	1
3036	1
4711	1
5739	0
4870	0
468	0
3350	1
5872	0
110	1
4401	1
5899	0
6074	0
4568	0
6762	0
6772	0
5958	0
6746	0
5923	0
6767	0
6114	0
5298	0
191	1
2450	0
3280	0
5039	0
2237	0
1766	0
619	1
5379	0
6462	0
5656	1
2285	0
6617	0
5462	0
4301	0
5566	0
2519	0
2131	1
5086	0
5954	1
3157	0
6355	1
6368	0
6632	1
1005	0
5484	1
260	0
2091	0
6215	0
891	0
1919	0
2846	1
2565	0
5166	0
6405	1
3594	0
2911	0
5283	0
97	0
4999	0
4509	0
1697	0
2674	0
3815	0
1197	0
5130	0
703	0
4739	0
1019	0
699	0
1072	1
2426	0
2587	0
1794	1
2719	1
5577	0
3336	0
151	0
3765	0
5367	0
1817	1
5178	1
860	0
5859	0
5682	0
1990	0
3775	0
2302	0
6451	1
4579	0
2711	1
638	1
6472	0
3621	0
3506	1
1858	0
2167	0
1528	0
5490	0
995	0
2586	0
2973	0
5701	0
3398	0
4221	0
6105	0
1330	0
3455	0
3726	0
4355	0
5667	0
4143	0
5720	0
6597	0
2554	1
4556	0
